454005, г. Челябинск, ул. Матросова, 30, оф. 100
426200, г. Ижевск, ул. Московская, 46, оф. 49
394636, г. Воронеж, ул. Дорожная, 10, оф. 70
190043, г. Санкт-Петербург, ул. Заречная, 45, оф. 58
625207, г. Тюмень, ул. Горная, 16, оф. 12
426969, г. Ижевск, ул. Юбилейная, 43, оф. 73
344757, г. Ростов-на-Дону, ул. Пушкина, 20, оф. 97
125520, г. Москва, ул. Новая, 13, оф. 20
620657, г. Екатеринбург, ул. Заводская, 19, оф. 2
410625, г. Саратов, ул. Интернациональная, 5, оф. 57
420685, г. Казань, ул. Солнечная, 50, оф. 97
420404, г. Казань, ул. Чкалова, 8, оф. 61
450023, г. Уфа, ул. Пролетарская, 28, оф. 7
344738, г. Ростов-на-Дону, ул. Дорожная, 12, оф. 40
410078, г. Саратов, ул. Подгорная, 36, оф. 10
426559, г. Ижевск, ул. Партизанская, 26, оф. 31
350089, г. Краснодар, ул. Комсомольская, 29, оф. 57
625843, г. Тюмень, ул. Центральная, 33, оф. 92
450286, г. Уфа, ул. Северная, 9, оф. 37
630878, г. Новосибирск, ул. Новая, 40, оф. 31
454931, г. Челябинск, ул. Солнечная, 36, оф. 33
125980, г. Москва, ул. Почтовая, 4, оф. 54
190588, г. Санкт-Петербург, ул. Заречная, 22, оф. 100
603287, г. Нижний Новгород, ул. Нагорная, 47, оф. 66
625226, г. Тюмень, ул. Энергетиков, 19, оф. 13
660490, г. Красноярск, ул. Луговая, 9, оф. 69
350571, г. Краснодар, ул. Совхозная, 6, оф. 96
394624, г. Воронеж, ул. Лесная, 14, оф. 34
350330, г. Краснодар, ул. Горького, 8, оф. 24
454355, г. Челябинск, ул. Горького, 28, оф. 27
125304, г. Москва, ул. Калинина, 28, оф. 7
630746, г. Новосибирск, ул. Свердлова, 20, оф. 74
603751, г. Нижний Новгород, ул. Кирова, 33, оф. 93
410410, г. Саратов, ул. Нагорная, 41, оф. 29
644700, г. Омск, ул. Мира, 34, оф. 49
443488, г. Самара, ул. Пушкина, 22, оф. 55
410642, г. Саратов, ул. Партизанская, 31, оф. 35
344140, г. Ростов-на-Дону, ул. Московская, 30, оф. 27
125221, г. Москва, ул. Дорожная, 1, оф. 31
350759, г. Краснодар, ул. Совхозная, 32, оф. 27
630444, г. Новосибирск, ул. Почтовая, 5, оф. 95
445854, г. Тольятти, ул. Садовая, 41, оф. 36
450377, г. Уфа, ул. Красная, 47, оф. 100
426304, г. Ижевск, ул. Трудовая, 47, оф. 54
420966, г. Казань, ул. 1 Мая, 25, оф. 80
190465, г. Санкт-Петербург, ул. Красная, 49, оф. 67
454582, г. Челябинск, ул. Гагарина, 37, оф. 45
410377, г. Саратов, ул. Мичурина, 19, оф. 1
410629, г. Саратов, ул. Пролетарская, 36, оф. 79
125958, г. Москва, ул. Дорожная, 3, оф. 31
